sample_id,n_Na,r_TM,phi_TM,I_TM,S_TM,phi_cation,Phase_EXP,Phase_DNN,Group,Source
1,0.6,56,61.223162,59.69,0,12.60476858,0,0,Train,Ref7
2,0.6,61.1,55.714574,69.2156,0.673011667,11.47064753,0,0,Train,Ref7
3,0.6,55.15,62.017158,60.6235,0.856840995,12.76823835,0,0,Train,Ref7
4,0.65,55.525,60.715214,59.2673,0.780555832,13.54187347,0,0,Train,Ref7
5,0.653,54.98600646,61.350358,59.44609,0.068417636,13.74669077,0,0,Train,Ref7
6,0.66,65.08,53.217317,62.66082134,0.526907961,12.05215647,0,0,Train,Ref7
7,0.66,70.64,47.5,42.018012,0,10.75735239,0,0,Train,Ref7
8,0.666666667,55.40833333,60.507709,59.02766667,0.886464476,13.84163318,0,0,Train,Ref7
9,0.666666667,54.16666667,61.690653,59.51,0.848685558,14.11224129,0,0,Train,Ref7
10,0.666666667,55.80833333,60.17606,58.08666667,0.856840995,13.76576576,0,0,Train,Ref7
11,0.666666667,56.33333333,59.639991,58.27666667,0,13.64313559,0,0,Train,Ref7
12,0.666666667,58.85333333,59.584327,72.31407467,0.592953317,13.630402,0,0,Train,Ref7
13,0.666666667,58.77777778,59.42898,60.43517778,0.529706199,13.5948651,0,0,Train,Ref7
14,0.666666667,54,61.85448,60.68,0,14.14971806,0,0,Train,Ref7
15,0.666666667,54.58333333,61.300858,58.30666667,0.693147181,14.0230725,0,0,Train,Ref7
16,0.666666667,63.95333333,54.322721,93.72049581,0.526907961,12.4267666,0,0,Train,Ref7
17,0.666666667,55.66666667,60.255755,59.51333333,0.636514168,13.78399664,0,0,Train,Ref7
18,0.666666667,56.71906355,60.11005,64.18462667,0.838594054,13.75066543,0,0,Train,Ref7
19,0.666666667,55.33333333,60.591004,59.88166667,0.801818553,13.86068759,0,0,Train,Ref7
20,0.666666667,56.52842809,60.11888,59.96249767,0.806697423,13.75268537,0,0,Train,Ref7
21,0.666666667,56.91666667,58.696422,63.99483333,1.011404265,13.42728647,0,0,Train,Ref7
22,0.666666667,56.27833333,59.438692,62.72935667,1.143406939,13.5970868,0,0,Train,Ref7
23,0.666666667,61.16666667,54.821083,65.82872333,0.636514168,12.54077098,0,0,Train,Ref7
24,0.666666667,54.33333333,61.520869,60.74333333,0.636514168,14.07340181,0,0,Train,Ref7
25,0.666666667,55.73333333,60.204255,59.01666667,0.500402424,13.7722156,0,0,Train,Ref7
26,0.666666667,56.78333333,58.986523,61.33556667,0.63903186,13.49364944,0,0,Train,Ref7
27,0.666666667,55.43333333,60.481348,59.57316667,0.886464476,13.83560288,0,0,Train,Ref7
28,0.666666667,54.70833333,61.175754,59.21666667,1.039720771,13.99445394,0,0,Train,Ref7
29,0.666666667,55.33333333,60.581432,58.84516667,0.886464476,13.85849792,0,0,Train,Ref7
30,0.666666667,54.83333333,61.043254,59.77266667,1.054920168,13.96414348,0,0,Train,Ref7
31,0.666666667,63,53.224103,63.90872333,0.636514168,12.17544875,0,0,Train,Ref7
32,0.666666667,69.66666667,49.45999,56.38,0.636514168,11.31437713,0,0,Train,Ref7
33,0.7,56.5,58.848406,57.57,0,14.13515593,0,0,Train,Ref7
34,0.7,55.55,59.734767,58.689,0.897945725,14.34805636,0,0,Train,Ref7
35,0.72,58.52,60.516385,73.18522328,0.551079928,14.95110765,0,0,Train,Ref7
36,0.75,54.125,60.152328,58.3275,0,15.48037793,0,0,Train,Ref7
37,0.76,55.59,58.576809,58.0624,0.844228311,15.2759119,0,0,Train,Ref7
38,0.777777778,55.15888889,58.63309,56.68591111,1.053919751,15.64826385,0,0,Train,Ref7
39,0.8,57.52,57.951519,64.28581164,0.861779919,15.90825936,0,0,Train,Ref7
40,0.8,55.7,57.259838,60.8758,0.500402424,15.71838616,0,0,Train,Ref7
41,0.8,54.2,59.131037,55.498,0.500402424,16.2320486,0,0,Train,Ref7
42,1,67,44.776119,43.26717,0,15.364355,1,1,Train,Ref7
43,1,64,46.875,46.709,0,16.08455929,1,1,Train,Ref7
44,1,61.5,48.780488,49.16,0,16.73840323,1,1,Train,Ref7
45,1,55,54.545455,54.91,0,18.71657824,1,1,Train,Ref7
46,1,69,43.478261,40.33,0,14.91901156,1,1,Train,Ref7
47,1,66.5,45.112782,42,0,15.47987663,1,1,Train,Ref7
48,1,86.1,34.843206,45.249,0,11.95600241,1,1,Train,Ref7
49,1,54.75,54.795663,53.09,0.693147181,18.80243393,1,1,Train,Ref7
50,1,57,52.647783,53.065,0.693147181,18.06541626,1,1,Train,Ref7
51,1,82,40.305011,69.32745333,0.636514168,13.83015123,1,1,Train,Ref7
52,1,75.33333333,46.278727,55.09545333,0.636514168,15.8799558,1,1,Train,Ref7
53,1,75,46.628407,56.42878667,0.636514168,15.99994404,1,1,Train,Ref7
54,1,75.66666667,45.934641,53.76212,0.636514168,15.76188707,1,1,Train,Ref7
55,1,75.66666667,45.934641,53.09545333,0.636514168,15.76188707,1,1,Train,Ref7
56,1,74.12975317,47.756752,56.88498333,0.969900759,16.38712126,1,1,Train,Ref7
57,1,76.5,45.187874,58.10045333,1.011404265,15.50564349,1,1,Train,Ref7
58,1,67.8,51.368849,57.151272,1.33217904,17.62656634,1,1,Train,Ref7
59,1,79.25,49.149748,61.64318,0.693147181,16.8651101,1,1,Train,Ref7
60,1,71.66666667,45.423024,51.73666667,0.636514168,15.58633222,1,1,Train,Ref7
61,1,62.66666667,48.87218,51.21466667,0.636514168,16.76986617,1,1,Train,Ref7
62,1,59.96,50.451681,51.6464,0.634178636,17.31185183,1,1,Train,Ref7
63,1,61.33333333,50.194932,52.85466667,0.636514168,17.22375168,1,1,Train,Ref7
64,1,58.16666667,51.68336,51.76,1.098612289,17.73448679,1,1,Train,Ref7
65,1,55.83333333,53.771821,52.46333333,1.098612289,18.45111558,1,1,Train,Ref7
66,1,56.33333333,53.28034,53.68,1.098612289,18.28247014,1,1,Train,Ref7
67,1,56.16666667,53.447146,52.46666667,1.098612289,18.33970749,1,1,Train,Ref7
68,1,56.3,53.31213,53.077,1.029653014,18.29337847,1,1,Train,Ref7
69,1,55.875,53.721723,53.0775,1.386294361,18.43392509,1,1,Train,Ref7
70,1,56.445,53.180302,52.8872,1.280931969,18.24814337,1,1,Train,Ref7
71,1,58.4,51.637714,51.845434,1.33217904,17.71882395,1,1,Train,Ref7
72,1,57,52.853221,52.08464625,1.559581156,18.13590969,1,1,Train,Ref7
73,1,58.125,51.984719,51.0917925,1.386294361,17.83789429,1,1,Train,Ref7
74,1,62.93,48.895275,63.00062847,0.933357264,16.77779093,1,1,Train,Ref7
75,1,67,47.052632,63.21336567,0.636514168,16.14551145,1,1,Train,Ref7
76,1,68.8,49.796522,54.421272,1.054920168,17.08704236,1,1,Train,Ref7
77,1,61.5,49.173774,49.093585,0.693147181,16.87335431,1,1,Train,Ref7
78,1,59.33333333,50.964334,51.03239,1.098612289,17.48776217,1,1,Train,Ref7
79,1,59.7,50.563378,50.682151,1.029653014,17.35017923,1,1,Train,Ref7
80,1,57.8,52.052188,52.393717,1.105889879,17.86104542,1,1,Train,Ref7
81,0.9,55.72,55.788201,55.7974,1.046605147,17.22870807,1,1,Train,Ref7
82,0.9,61.4,50.867967,54.1141265,0.688138814,15.70922413,1,1,Train,Ref7
83,0.9,60.15,51.817805,55.120051,1.054920168,16.00255644,1,1,Train,Ref7
84,0.9,56.75,54.573953,57.8689,0.943348392,16.85371974,1,1,Train,Ref7
85,0.85,65.525,48.345865,45.15,0,14.10087652,1,1,Train,Ref7
86,0.833333333,58.58333333,54.081954,59.77483333,1.329661349,15.46461148,1,1,Train,Ref7
87,0.8,61.3,52.56216,59.134668,0.673011667,14.42882755,1,1,Train,Ref7
88,0.8,59.9,53.736579,59.569951,1.029653014,14.75121706,1,1,Train,Ref7
89,0.8,54.6,58.730703,58.41,0.500402424,16.122153,1,1,Train,Ref7
90,0.8,61.3,52.247531,59.1878,0.500402424,14.34245881,1,1,Train,Ref7
91,0.8,56.1,56.859504,63.7878,0.500402424,15.60849055,1,1,Train,Ref7
92,0.8,57.7,55.341367,62.3118,1.054920168,15.19174708,1,1,Train,Ref7
93,0.8,54.55,58.780745,58.046,0.801818553,16.13589002,1,1,Train,Ref7
94,0.8,56,56.959588,63.0598,0.950270539,15.63596459,1,1,Train,Ref7
95,0.8,62.4,53.884712,54.7016,0.673011667,14.79188102,1,0,Train,Ref7
96,0.777777778,55.67256145,58.964955,61.35343586,1.151816765,15.73683348,1,1,Train,Ref7
97,0.777777778,55.14888889,58.632699,58.25361111,1.004746543,15.64815949,1,1,Train,Ref7
98,0.777777778,54.94888889,58.839757,58.56111111,1.053919751,15.70342007,1,1,Train,Ref7
99,0.777777778,58.79555556,54.989658,62.47352918,1.053919751,14.67588826,1,1,Train,Ref7
100,0.7,64.55,51.578947,48.3,0,12.38906044,1,1,Train,Ref7
101,0.7,71.45,49.497241,61.1498,0.647446639,11.88904283,1,1,Train,Ref7
102,0.666666667,64.33333333,53.336394,92.91386667,0.636514168,12.20113624,1,0,Train,Ref7
O3,1,61.91666667,53.141098,77.968199,1.011404265,18.23469102,1,1,Train,Ref7
P2,0.666666667,62.75,54.078739,79.371295,0.867563228,12.37095372,0,0,Train,Ref7
13770,0.64,55.76,61.171542,63.481416,1.112432027,13.43375062,1,0,Train,ICSD
13771,0.695,55.485,59.967731,59.994236,0.990111132,14.30112676,1,0,Train,ICSD
19572,1,56.2,53.406852,53.803,1.088899975,18.32588112,1,1,Train,ICSD
49492,1,56.29,53.322419,53.764224,1.069356063,18.29690901,1,1,Train,ICSD
49493,1,56.28,53.332708,54.451448,1.094669609,18.30043955,1,1,Train,ICSD
49834,1,56,53.618948,53.924,1.054920168,18.39865916,1,1,Train,ICSD
49835,1,56.3,53.336816,53.554,1.029653014,18.30184916,1,1,Train,ICSD
68872,0.54,64.01,54.592328,69.0418118,0,10.11563777,1,1,Train,ICSD
85654,0.99,66.935,44.989515,43.8274883,0,15.2832021,1,1,Train,ICSD
96428,1,54.5,55.045872,51.27,0,18.88828996,1,1,Train,ICSD
96670,0.73,65.46,49.169204,91.72815104,0.626869458,12.3164038,1,1,Train,ICSD
97544,1,103,29.126214,42.42,0,9.994289407,1,1,Train,ICSD
133882,0.8,55.38,58.0097,57.6706,1.009897321,15.92423062,1,1,Train,ICSD
133884,0.85,55.63,56.822322,56.6106,1.009897321,16.57317634,1,1,Train,ICSD
133885,0.9,55.88,55.634944,55.5506,1.009897321,17.18137871,1,1,Train,ICSD
155498,0.921,54.3815,56.659512,53.50017,0,17.90607245,1,1,Train,ICSD
155499,0.32,53.48,68.935434,70.4664,0,7.569381111,1,0,Train,ICSD
170347,1,68,44.117647,45,0,15.13840872,1,1,Train,ICSD
191296,0.89,67.56,47.225978,47.388689,0.634178636,14.42244274,1,1,Train,ICSD
241539,1,91.33333333,34.275726,48.42878667,0.636514168,11.76127887,1,1,Train,ICSD
252021,0.622,54.508,62.114984,61.64932,0.634178636,13.25728562,1,0,Train,ICSD
252022,0.457,55.0855,64.397036,64.96417,0.634178636,10.09833862,1,0,Train,ICSD
252023,0.34,55.495,66.015217,67.3147,0.634178636,7.701774431,1,0,Train,ICSD
252024,0.18,56.055,68.228116,70.5291,0.634178636,4.214089735,1,1,Train,ICSD
252025,0.8,54.99,58.363932,57.929,0.634178636,16.02147077,1,0,Train,ICSD
252026,0.52,54.865,63.525707,63.6985,0.634178636,11.33497844,1,0,Train,ICSD
426655,0.86,62.61,50.675686,48.1154,0.634178636,14.95429615,1,1,Train,ICSD
426656,0.92,63.4,49.618347,46.6148,0.634178636,15.66383115,1,1,Train,ICSD
426657,0.62,60,57.781679,54.8941,0.668748087,12.29276803,1,1,Train,ICSD
426658,0.9,63.395,49.766544,46.5421,0.634178636,15.36907882,1,1,Train,ICSD
426659,0.8,59.99,53.870401,54.0077,0.634178636,14.78795251,1,1,Train,ICSD
22216,1,53.5,56.074766,119.9924,0,19.24134183,1,1,Train,ICSD
25510,1,102.5,29.268293,51.14,0,10.04304201,1,1,Train,ICSD
25729,1,88.5,33.898305,73.4894,0,11.63177166,1,1,Train,ICSD
27358,0.75,56.375,57.438017,66.00725,0.562335145,14.78184203,1,1,Train,ICSD
31932,1,94,31.914894,55.45,0,10.95118944,1,1,Train,ICSD
31933,1,80,41.915317,67.11545333,0.636514168,14.38270723,1,1,Train,ICSD
33192,1,59.38,50.806144,51.590334,1.113625088,17.43348129,1,1,Train,ICSD
33195,1,60.25,50.12809,51.761184,1.192194501,17.20081569,1,1,Train,ICSD
37649,1,57.7,52.151394,52.516717,1.193549604,17.8950867,1,1,Train,ICSD
37671,1,56.55,53.081057,53.247,1.048653789,18.21408871,1,1,Train,ICSD
37672,1,57.1,53.033579,53.732665,1.205628232,18.19779724,1,1,Train,ICSD
142010,1,58.475,51.69274,54.3124735,1.105889879,17.73770542,1,1,Train,ICSD
147473,1,56.8,52.842588,53.063,1.029653014,18.13226111,1,1,Train,ICSD
147474,1,57.31,52.439265,52.5732085,1.176685607,17.99386596,1,1,Train,ICSD
147475,1,57.82,52.035942,52.083417,1.251770686,17.85547081,1,1,Train,ICSD
147476,1,58.33,51.632618,51.5936255,1.29791415,17.71707532,1,1,Train,ICSD
147524,0.6,55.23,61.939911,60.9132,0.844228311,12.75233455,1,0,Train,ICSD
147528,0.6,55.08,62.080977,61.0982,0.922703332,12.78137755,1,0,Train,ICSD
257298,1,56.5,53.127401,52.706,1.054920168,18.22999107,1,1,Train,ICSD
257299,0.912,56.06,55.217186,54.5716,1.054920168,17.27972998,1,1,Train,ICSD
264775,0.8,71.8,48.286702,58.8812,0.673011667,13.25517247,1,1,Train,ICSD
264776,0.9,72.15,47.076163,56.6126,0.688138814,14.53822591,1,1,Train,ICSD
264777,1,72.5,45.865624,54.344,0.693147181,15.73820477,1,1,Train,ICSD
291907,1,104,28.846154,60.6072,0,9.898190385,1,1,Train,ICSD
291908,1,104.1,28.818444,42.52,0,9.888682051,1,1,Train,ICSD
291910,1,100.8,29.761905,43.61,0,10.21241868,1,1,Train,ICSD
13772,0.628,56.14,61.374669,65.59276,1.16828245,13.22563981,0,0,Train,ICSD
19654,0.478,55.39,64.120364,62.2764,0,10.5169979,0,0,Train,ICSD
19656,0.437,55.185,65.094014,63.1456,0,9.760911696,0,0,Train,ICSD
19657,0.272,54.36,69.012362,66.6436,0,6.441154495,0,0,Train,ICSD
19772,0.7,58.3,58.808646,67.59672,0.500402424,14.12560573,0,0,Train,ICSD
32224,0.7,55.565,59.72714,58.2109,0.876705519,14.34622438,0,0,Train,ICSD
32225,0.62,56.36,60.203905,63.25167,1.097206879,12.80808469,0,0,Train,ICSD
33349,0.767,56.175,57.866925,57.3739,0.634178636,15.2297805,0,0,Train,ICSD
33350,0.798,56.33,57.130751,56.7167,0.634178636,15.64374282,0,0,Train,ICSD
33352,0.954,57.11,53.426132,53.4095,0.634178636,17.48920085,0,0,Train,ICSD
35810,0.67,54.65,61.171658,58.6,0.943348392,14.06348294,0,0,Train,ICSD
35811,0.67,54.7,61.121616,58.964,1.029653014,14.05197819,0,0,Train,ICSD
50301,0.74,54.11,60.356586,58.6098,0,15.32583885,0,0,Train,ICSD
55722,0.406,53.609,67.178813,68.03862,0,9.358930204,0,0,Train,ICSD
70640,0.67,54.85,60.971491,60.056,0.693147181,14.01746416,0,0,Train,ICSD
95617,0.667,60.673,55.302028,64.59071178,0.636282869,12.65711653,0,0,Train,ICSD
98211,0.71,54.065,60.969361,59.4567,0,14.85380912,0,0,Train,ICSD
98212,0.73,54.095,60.560845,58.8921,0,15.16989825,0,0,Train,ICSD
99393,0.78,54.17,59.539553,57.4806,0,15.93558637,0,0,Train,ICSD
99394,0.84,54.26,58.314004,55.7868,0,16.8081536,0,0,Train,ICSD
99830,0.61,53.915,63.011944,62.2797,0,13.18926421,0,0,Train,ICSD
99831,0.57,53.855,63.828977,63.4089,0,12.48419613,0,0,Train,ICSD
112715,0.667,57.035,59.920262,59.85793,0.63903186,13.71410355,0,0,Train,ICSD
112716,0.667,56.985,59.972183,66.11917,0.63903186,13.72598685,0,0,Train,ICSD
112717,0.667,58.185,58.601521,61.92983,0.63903186,13.41227993,0,0,Train,ICSD
112718,0.667,55.635,60.297349,59.2566,0.63903186,13.80040842,0,0,Train,ICSD
112719,0.667,55.585,60.34927,65.51784,0.63903186,13.81229171,0,0,Train,ICSD
116426,0.75,58.75,59.893247,73.21752425,0.562335145,15.41370267,0,0,Train,ICSD
117923,0.56,53.88888889,64.124919,61.777,0.094824464,12.3220429,0,0,Train,ICSD
124528,0.65,58.28282828,61.039115,73.07887964,0.742478101,13.61411609,0,0,Train,ICSD
125982,0.667,55.333,60.58042,59.91956,0.868486425,13.8651956,0,0,Train,ICSD
127638,0.7,55.4,59.896821,59.174,0.801818553,14.38698109,0,0,Train,ICSD
138399,0.7,54.05,61.17362,59.739,0,14.6936632,0,0,Train,ICSD
145390,0.52,54.61,64.054001,62.607,0.634178636,11.42924266,0,0,Train,ICSD
145391,0.51,54.05,64.771101,63.448,0.693147181,11.3349425,0,0,Train,ICSD
148780,0.67,57.16,62.497931,72.3062194,0.950270539,14.36839568,0,0,Train,ICSD
149048,0.56,55.3,62.634887,61.4655,0.562335145,12.03572303,0,0,Train,ICSD
150910,0.3,53.45,69.34395,71.031,0,7.138346545,0,0,Train,ICSD
151793,0.711,54.0665,60.948935,59.42847,0,14.8697468,0,0,Train,ICSD
151795,0.762,54.143,59.907218,57.98874,0,15.6639748,0,0,Train,ICSD
155267,0.673,61.784,57.382519,57.16406,0.680292,13.25142324,0,0,Train,ICSD
155510,0.384,53.576,67.628181,68.65968,0,8.911007524,0,0,Train,ICSD
159810,0.63,53.945,62.603427,61.7151,0,13.53338859,0,0,Train,ICSD
159818,0.642,53.963,62.358317,61.37634,0,13.73717099,0,0,Train,ICSD
162600,0.69,54.035,61.377878,60.0213,0,14.53211527,0,0,Train,ICSD
162845,0.554,53.831,64.15579,63.86058,0,12.19589071,0,0,Train,ICSD
162847,0.543,53.8145,64.380474,64.17111,0,11.99559603,0,0,Train,ICSD
162849,0.53,53.795,64.64601,64.5381,0,11.75669969,0,0,Train,ICSD
166645,0.628,54.107,62.43141,61.63656,0.134742168,13.45335714,0,0,Train,ICSD
192730,0.58,54.15,63.35898,60.144,0.693147181,12.60968025,0,0,Train,ICSD
196275,0.64,58,60.2335,68.86872,0.500402424,13.22774923,0,0,Train,ICSD
196276,0.582,57.71,61.610858,70.09832,0.500402424,12.30404981,0,0,Train,ICSD
231006,0.66,55.301,60.737807,59.6501,0.636282869,13.75532617,0,0,Train,ICSD
231007,0.62,54.6,62.158869,61.116,0.693147181,13.22399367,0,0,Train,ICSD
235991,0.467,57.135,64.341828,72.53632,0.500402424,10.31046154,0,0,Train,ICSD
235992,0.62,57.9,60.708451,69.29272,0.500402424,12.91542437,0,0,Train,ICSD
235993,0.42,56.9,65.457963,73.53272,0.500402424,9.433647333,0,0,Train,ICSD
237123,0.79,54.185,59.335295,57.1983,0,16.08451837,0,0,Train,ICSD
237125,0.79,54.5,59.036339,55.704,0.610864302,16.00347785,0,0,Train,ICSD
246579,0.34,53.51,68.526917,69.9018,0,7.994806064,0,0,Train,ICSD
246584,0.8,54.2,59.131037,56.916,0,16.2320486,0,0,Train,ICSD
246585,1,54.5,55.045872,51.27,0,18.88828996,0,1,Train,ICSD
246744,0.64,55.31,61.306347,60.8058,0.325082973,13.46335485,0,0,Train,ICSD
246745,0.66,56.69,59.805008,59.6142,0.500402424,13.54407465,0,0,Train,ICSD
246746,0.77,58.205,56.465344,55.8819,0.610864302,14.91903017,0,0,Train,ICSD
246747,0.69,59.435,57.006588,57.5133,0.673011667,13.49714807,0,0,Train,ICSD
246748,0.72,60.83,55.300991,56.0394,0.693147181,13.66259848,0,0,Train,ICSD
253190,0.67,61.17,54.501109,65.70587,0.634178636,12.52991078,0,0,Train,ICSD
259163,0.67,55.19,60.661495,59.8098,0.871383575,13.94619548,0,0,Train,ICSD
261554,0.7,61.725,54.568503,54.4466,0.422709088,13.10714004,0,0,Train,ICSD
291156,0.706,55.56,59.617872,58.0843,0.889905276,14.4427223,0,0,Train,ICSD
19135,0.85,56.57,55.914351,55.6514,0.641035478,16.30835148,0,0,Train,ICSD
19136,0.85,57.77,56.764141,63.22581164,0.861779919,16.55620688,0,0,Train,ICSD
21001,0.5,53.75,65.258785,65.385,0,11.1963605,0,0,Train,ICSD
36989,0.69,56.21,59.311587,58.078,0.278769372,14.04289049,0,0,Train,ICSD
36990,0.69,56.66,59.301647,60.58468,0.473002904,14.04053704,0,0,Train,ICSD
36991,0.69,57.11,59.291707,63.09136,0.595046571,14.0381836,0,0,Train,ICSD
36992,0.69,57.56,59.281767,65.59804,0.687877158,14.03583016,0,0,Train,ICSD
41644,0.44,54.85,65.354945,63.088,0.325082973,9.867313956,0,0,Train,ICSD
43092,0.667,54.84455959,61.07901,60.58267,1.089894569,13.97930917,0,0,Train,ICSD
45924,0.67,56.85,59.910411,63.96136,0.801818553,13.77351981,0,0,Train,ICSD
92079,0.7,57.85,58.818586,65.09004,0.422709088,14.12799328,0,0,Train,ICSD
92097,0.7,58.65,59.711474,71.7730497,0.730588061,14.34246147,0,0,Train,ICSD
93469,0.6667,55.60435,60.316386,59.360298,0.762141508,13.7985568,0,0,Train,ICSD
111262,0.5,59.25,59.061437,75.943217,0.897945725,10.13308998,0,0,Train,ICSD
113162,0.67,55.85,60.022655,59.1335,0.562335145,13.79932492,0,0,Train,ICSD
113711,0.8,55.6,57.802343,55.474,0.673011667,15.86730909,0,0,Train,ICSD
116196,0.66,54.955,61.204696,61.20519097,0.790982198,13.86106279,0,0,Train,ICSD
130561,0.66,56.075,60.01584,61.85712,0.198515243,13.59182189,0,0,Train,ICSD
130562,0.64,55.75,60.708322,65.72024,0.325082973,13.33202387,0,0,Train,ICSD
130563,0.67,55.45,60.430958,71.96248,0.500402424,13.89319457,0,0,Train,ICSD
138209,0.67,56,59.893006,58.212,0.325082973,13.76951836,0,0,Train,ICSD
138210,0.67,55.65,60.22518,58.218,0.500402424,13.84588581,0,0,Train,ICSD
145392,0.54,54.71,63.57905,62.183,0.634178636,11.78082458,0,0,Train,ICSD
145393,0.6,54.5,62.63382,61.54,0.693147181,12.89519817,0,0,Train,ICSD
146381,0.67,55.116,60.692665,60.167132,0.757007036,13.95336152,0,0,Train,ICSD
147522,0.6,55.23,61.939911,60.9132,0.844228311,12.75233455,0,0,Train,ICSD
147526,0.6,55.08,62.080977,61.0982,0.922703332,12.78137755,0,0,Train,ICSD
147596,0.6,54.61,62.624325,61.637133,0.742166737,12.89324332,0,0,Train,ICSD
147597,0.6,54.72,62.614829,61.734266,0.777119254,12.89128826,0,0,Train,ICSD
147641,0.667,57.09,61.674606,69.4472762,0.868486425,14.11562475,0,0,Train,ICSD
148427,0.66,56.29,60.268072,59.942465,0.774536973,13.64894502,0,0,Train,ICSD
148428,0.66,56.94,60.12823,60.24263,0.836603952,13.61727492,0,0,Train,ICSD
148429,0.66,57.59,59.988388,60.542795,0.861551684,13.58560482,0,0,Train,ICSD
149008,0.4,54.74,66.212822,64.4123,0.386386706,9.088035119,0,0,Train,ICSD
194426,0.72,57.12,59.851324,65.98181164,0.861779919,14.78679846,0,0,Train,ICSD
235714,0.44,54.4,65.761688,64.566,0.673011667,9.928724166,0,0,Train,ICSD
235715,0.44,54.2,65.960101,64.812,0.897945725,9.958680635,0,0,Train,ICSD
237126,0.57,53.855,63.828977,60.9274,0.647446639,12.48419613,0,0,Train,ICSD
1,0.67,56.3,59.79885484,60.047514,0.486026765,13.74787438,0,0,Test,Literature
2,0.62,56.63592233,60.6716263,63.834342,0.988331961,12.90759146,0,0,Test,Literature
3,0.7,62.2,53.50215517,52.280795,0,12.85100823,0,0,Test,Literature
4,0.833,59.165,57.92219977,71.45792425,0.562335145,16.55609592,0,0,Test,Literature
5,0.7,57.45,60.0084473,67.3161897,0.914285581,14.41379413,0,0,Test,Literature
6,0.78,54.816,58.91796552,56.52357,1.011634814,15.76922064,0,0,Test,Literature
7,0.615,57.42145179,60.8746903,72.1663104,0.875179026,12.84635046,0,0,Test,Literature
8,0.78,55,58.93496143,57.7185,0.594059413,15.77376955,0,0,Test,Literature
9,0.67,55.23,60.63362973,59.9336,0.592953317,13.93979077,0,0,Test,Literature
10,0.667,57.685,59.76673646,60.283095,0.818808456,13.67896572,0,0,Test,Literature
11,0.667,59.635,59.34721026,61.18359,0.610864302,13.58294768,0,0,Test,Literature
12,0.75,57.65,59.27745315,67.09101455,0.818808456,15.25522736,0,0,Test,Literature
13,0.6,56.675,63.06075362,69.72351455,0.818808456,12.98309671,0,0,Test,Literature
14,0.6,59.8,59.66210384,68.47472,0.950270539,12.28337468,0,0,Test,Literature
15,0.667,53,62.86792453,60.31753,0.152207123,14.38874256,0,0,Test,Literature
16,0.62,61.71809524,60.30430539,71.6017792,0.998028701,12.82944574,0,0,Test,Literature
17,0.6,56.07,62.96709398,68.04031067,0.892702433,12.96381384,0,0,Test,Literature
18,0.6,58.7,61.16352201,74.73008,0.610864302,12.59249019,0,0,Test,Literature
19,0.6,57.05,61.4704356,67.76654,0.818808456,12.65567829,0,0,Test,Literature
20,0.75,59.3,58.97053956,74.05455455,0.818808456,15.17624224,0,0,Test,Literature
21,0.67,58.11,61.52518577,72.90862134,0.526907961,14.14476126,0,0,Test,Literature
22,0.67,56.295,60.0560843,60.146955,0.971991253,13.80701194,0,0,Test,Literature
23,0.667,55.43406593,60.47578398,58.8868,0.86789214,13.84124724,0,0,Test,Literature
24,0.667,55.98351648,60.06943004,59.470936,1.050293502,13.74824397,0,0,Test,Literature
25,0.75,57.754,57.00589178,56.70836,1.011634814,14.67063434,0,0,Test,Literature
26,0.667,58.15165165,57.15119525,68.471457,1.098513176,13.08034012,0,0,Test,Literature
27,0.778,55.669,58.15983715,57.69684,0.848242087,15.52639619,0,0,Test,Literature
28,0.7,57.05040713,59.84169689,65.1421913,1.166504199,14.37374134,0,0,Test,Literature
29,0.67,56.43,61.13106041,66.1121097,1.046719671,14.05415106,0,0,Test,Literature
30,0.67,55.55,60.31343268,59.565,0.801818553,13.86617684,0,0,Test,Literature
31,0.67,55.2,60.64560604,59.571,1.088899975,13.94254415,0,0,Test,Literature
32,0.75,58.3,59.13761108,67.39117955,0.914285581,15.21923859,0,0,Test,Literature
33,0.75,56.15,58.21521517,57.623,0.610864302,14.98185728,0,0,Test,Literature
34,0.67,55.8,60.07773522,58.583,0.63903186,13.81198953,0,0,Test,Literature
35,0.67,56.14,60.22900933,59.976465,0.95702881,13.84676774,0,0,Test,Literature
36,0.67,56.24,60.06813417,61.75148,0.774536973,13.80978223,0,0,Test,Literature
37,1,60.575,50.32013656,59.0437456,2.151961429,17.26671403,1,1,Test,Literature
38,1,58.2,51.8361265,52.091434,1.557113098,17.78690667,1,1,Test,Literature
39,0.8,56.8,56.20051902,62.3218,1.609437912,15.4275939,1,1,Test,Literature
40,1,56,53.5966189,53.9875,1.039720771,18.39099721,1,1,Test,Literature
41,0.55,57,62.62618791,70.2759597,1.392321255,11.81915835,1,0,Test,Literature
42,0.65,57.225,60.44656198,68.2144597,1.392321255,13.48195417,1,0,Test,Literature
43,0.83,57.275,57.16369578,64.5094597,1.392321255,16.2804452,1,1,Test,Literature
44,1,58.125,53.12661055,60.9054597,1.392321255,18.22971984,1,1,Test,Literature
45,0.9,57.075,54.37685224,56.09595,0.967260443,16.79285191,1,1,Test,Literature
46,0.9,57.725,54.17534136,58.29413,0.967260443,16.73062061,1,1,Test,Literature
47,0.9,57.15,54.83471202,57.25818,0.967260443,16.93424979,1,1,Test,Literature
48,0.9,56.7,54.83781021,54.814,0.673011667,16.93520658,1,1,Test,Literature
49,0.9,61.575,50.70982612,50.9222,0.198515243,15.66038793,1,1,Test,Literature
50,1,60.35,50.83462405,61.7436267,1.748067349,17.44325386,1,1,Test,Literature
51,0.833,55.498,57.26932566,57.01289,1.011634814,16.36948273,1,1,Test,Literature
52,0.833,57.669,56.59627932,64.3548112,1.011634814,16.17710364,1,1,Test,Literature
53,1,57,53.27592017,60.05226,1.16828245,18.28095353,1,1,Test,Literature
54,1,59.4,50.83524721,51.142954,1.143136775,17.44346769,1,1,Test,Literature
55,0.95,57.775,52.91102805,54.859167,1.29684413,17.24795817,1,1,Test,Literature
56,1,60,51.09830601,62.0167682,2.042316124,17.53373296,1,1,Test,Literature
57,1,56.65,52.99048156,59.75774,0.948915436,18.18300891,1,1,Test,Literature
58,1,56.49,53.17528736,53.10901,0.736093495,18.24642266,1,1,Test,Literature
59,1,56.05,53.53784147,54.361,0.937636962,18.37082849,1,1,Test,Literature
60,1,59.075,51.01863251,51.188434,1.192194501,17.50639402,1,1,Test,Literature
61,1,59.04,51.06910392,51.278034,1.113625088,17.52371264,1,1,Test,Literature
62,1,56.93,52.71632291,54.403548,0.77732335,18.08893486,1,1,Test,Literature
63,1,54.7,54.8461681,53.2135,0.855688667,18.81976411,1,1,Test,Literature
64,0.93,57.66,55.34295256,62.19611164,1.237878416,17.66091331,1,1,Test,Literature
65,1,59.51,50.7513268,50.134051,1.331621412,17.41467147,1,1,Test,Literature
66,0.9,59.8,52.92596662,59.148058,1.527489617,16.34478428,1,1,Test,Literature
67,1,59.5,51.00440683,54.43383,1.621516541,17.50151265,1,1,Test,Literature
68,1,56.6,53.02731751,53.434,1.054920168,18.19564869,1,1,Test,Literature
69,0.9,58.97,53.07315497,60.3454274,1.480015195,16.39023951,1,1,Test,Literature
70,1,60.05,51.04497732,64.1721682,1.305461684,17.5154339,1,1,Test,Literature
71,1,58.8,51.25817955,51.476434,1.029653014,17.58859153,1,1,Test,Literature
72,1,58.5,51.62762844,52.083917,1.43056229,17.71536321,1,1,Test,Literature
73,0.94,57.5,53.33257684,55.6653853,1.528214946,17.20237087,1,1,Test,Literature
74,0.833,58.81581582,54.84000293,66.77573518,1.253018963,15.67510129,1,1,Test,Literature
75,0.8,57.6,57.56241662,66.95672,1.054920168,15.80144816,1,1,Test,Literature
76,1,60.2,50.87537371,55.565797,1.830910897,17.45723658,1,1,Test,Literature
77,1,59.5,51.86929833,53.9358,1.504788284,17.79828916,1,1,Test,Literature
78,1,57.3,52.53092836,52.885717,1.504788284,18.02531908,1,1,Test,Literature
79,0.75,55,59.32421154,58.9775,1.039720771,15.26726076,1,0,Test,Literature
80,1,56.35,53.28179474,56.40662,0.857005065,18.28296931,1,1,Test,Literature
